{
    "piglin_safe": false,
    "natural": true,
    "ambient_light": 0.0,
    "infiniburn": "#minecraft:infiniburn_overworld",
    "respawn_anchor_works": false,
    "bed_works": true,
    "has_skylight": true,
    "has_raids": true,
    "logical_height": 512,
    "min_y": -64,
    "height": 512,
    "monster_spawn_light_level": 7,
    "monster_spawn_block_light_limit": 0,
    "coordinate_scale": 1.0,
    "effects": "minecraft:overworld",
    "ultrawarm": false,
    "has_ceiling": false
  }
  