{
    "piglin_safe": false,
    "natural": false,
    "ambient_light": 0.0,
    "infiniburn": "#minecraft:infiniburn_end",
    "respawn_anchor_works": false,
    "bed_works": false,
    "has_skylight": false,
    "has_raids": false,
    "logical_height": 320,
    "min_y": -64,
    "height": 320,
    "monster_spawn_light_level": 11,
    "monster_spawn_block_light_limit": 0,
    "coordinate_scale": 1.0,
    "effects": "minecraft:the_end",
    "ultrawarm": false,
    "has_ceiling": false
  }
  